{
  "name": {
    "precision": 1.0,
    "recall": 0.6,
    "f1-score": 0.7499999999999999,
    "support": 5,
    "confused_with": {
      "lname": 2
    }
  },
  "mail": {
    "precision": 1.0,
    "recall": 1.0,
    "f1-score": 1.0,
    "support": 5,
    "confused_with": {}
  },
  "lname": {
    "precision": 0.6,
    "recall": 1.0,
    "f1-score": 0.7499999999999999,
    "support": 3,
    "confused_with": {}
  },
  "email": {
    "precision": 1.0,
    "recall": 1.0,
    "f1-score": 1.0,
    "support": 2,
    "confused_with": {}
  },
  "micro avg": {
    "precision": 0.8666666666666667,
    "recall": 0.8666666666666667,
    "f1-score": 0.8666666666666667,
    "support": 15
  },
  "macro avg": {
    "precision": 0.9,
    "recall": 0.9,
    "f1-score": 0.875,
    "support": 15
  },
  "weighted avg": {
    "precision": 0.92,
    "recall": 0.8666666666666667,
    "f1-score": 0.8666666666666667,
    "support": 15
  },
  "accuracy": 0.9993992189846801
}